Missing,Candidates
/Volumes/Ladyhawke/RawPhotos/2018/2018-02-15/_JD05207.NEF,/Volumes/Ladyhawke/JpgFromTiff/2018/2018-02-15/_JD05207.JPG; /Volumes/Ladyhawke/RawPhotos/2018/2018-02-15/_JD05207.xmp
/Volumes/Ladyhawke/RawPhotos/2017/2017-07-16/_JD04356.NEF,/Volumes/Ladyhawke/JpgFromTiff/2017/2017-07-16/_JD04356.JPG; /Volumes/Ladyhawke/RawPhotos/2017/2017-07-16/_JD04356.xmp
/Volumes/Ladyhawke/RawPhotos/IMG_1201.JPG,/Volumes/Ladyhawke/JpgFromTiff/2017/2017-08-29/IMG_1201.JPG; /Volumes/Ladyhawke/RawPhotos/2017/2017-08-29/IMG_1201.JPG
/Volumes/Ladyhawke/RawPhotos/IMG_2715.JPG,/Volumes/Ladyhawke/JpgFromTiff/2017/2017-03-26/IMG_2715.JPG; /Volumes/Ladyhawke/RawPhotos/2017/2017-03-26/IMG_2715.JPG
/Volumes/Ladyhawke/RawPhotos/2008/2008-10-01/IMG_0033 1958.jpg,/Volumes/Ladyhawke/JpgFromTiff/2008/2008-10-01/IMG_0033 1958.JPG; /Volumes/Ladyhawke/RawPhotos/RawScans/Abraham Scans/BlacksEtc/IMG_0033 1958.jpg
/Volumes/Ladyhawke/RawPhotos/P1071132.ORF,/Volumes/Ladyhawke/JpgFromTiff/2017/2017-01-07/P1071132.JPG; /Volumes/Ladyhawke/RawPhotos/2017/2017-01-07/P1071132.xmp
/Volumes/Ladyhawke/RawPhotos/2016/2016-08-08/_JD03108.NEF,/Volumes/Ladyhawke/JpgFromTiff/2016/2016-08-08/_JD03108.JPG; /Volumes/Ladyhawke/RawPhotos/2016/2016-08-08/_JD03108.JPG; /Volumes/Ladyhawke/RawPhotos/2016/2016-08-08/_JD03108.xmp
/Volumes/Ladyhawke/RawPhotos/_1150372.RW2,/Volumes/Ladyhawke/RawPhotoImports/2024/2024-06-25/_1150372.RW2; /Volumes/Ladyhawke/RawPhotos/2024/2024-06-25/_1150372.RW2
/Volumes/Ladyhawke/RawPhotos/IMG_4018.JPG,/Volumes/Ladyhawke/JpgFromTiff/2017/2017-09-19/IMG_4018.JPG; /Volumes/Ladyhawke/JpgFromTiff/2017/2017-09-Scotland/2017-09-19/IMG_4018.JPG; /Volumes/Ladyhawke/RawPhotos/2017/2017-09-19/IMG_4018.JPG; /Volumes/Ladyhawke/RawPhotos/2017/2017-09-Scotland/2017-09-19/IMG_4018.JPG
/Volumes/Ladyhawke/RawPhotoImports/downloaded-smart-previews/IMG_1406.JPG,/Volumes/Ladyhawke/JpgFromTiff/2017/2017-09-Scotland/2017-09-18/IMG_1406.JPG; /Volumes/Ladyhawke/RawPhotos/2017/2017-09-Scotland/2017-09-18/IMG_1406.JPG
/Volumes/Ladyhawke/RawPhotos/2015/2015-09-08/P9088995.ORF,/Volumes/Ladyhawke/JpgFromTiff/2015/2015-09-Scotland/2015-09-08/P9088995.JPG; /Volumes/Ladyhawke/RawPhotos/2015/2015-09-Scotland/2015-09-08/P9088995.JPG
/Volumes/Ladyhawke/RawPhotos/P1111510.JPG,/Volumes/Ladyhawke/JpgFromTiff/2017/2017-01-11/P1111510.JPG; /Volumes/Ladyhawke/RawPhotos/2017/2017-01-11/P1111510.jpg; /Volumes/Ladyhawke/RawPhotos/2017/2017-01-11/P1111510.xmp
/Volumes/Ladyhawke/RawPhotos/_1150505.RW2,/Volumes/Ladyhawke/RawPhotoImports/2024/2024-06-25/_1150505.RW2; /Volumes/Ladyhawke/RawPhotos/2024/2024-06-25/_1150505.RW2
/Volumes/Ladyhawke/RawPhotos/_8031241.JPG,/Volumes/Ladyhawke/JpgFromTiff/2020/2020-08-03/_8031241.JPG; /Volumes/Ladyhawke/RawPhotos/2020/2020-08-03/_8031241.jpg
/Volumes/Ladyhawke/RawPhotos/2018/2018-02-10/_JD04929.NEF,/Volumes/Ladyhawke/JpgFromTiff/2018/2018-02-10/_JD04929.JPG; /Volumes/Ladyhawke/RawPhotos/2018/2018-02-10/_JD04929.xmp
/Volumes/Ladyhawke/RawPhotos/_9021758.ORF,/Volumes/Ladyhawke/JpgFromTiff/2019/2019-09-02/_9021758.JPG; /Volumes/Ladyhawke/RawPhotos/2019/2019-09-02/_9021758.xmp
/Volumes/Ladyhawke/RawPhotos/IMG_3861.JPG,/Volumes/Ladyhawke/JpgFromTiff/2017/2017-09-09/IMG_3861.JPG; /Volumes/Ladyhawke/JpgFromTiff/2017/2017-09-Scotland/2017-09-09/IMG_3861.JPG; /Volumes/Ladyhawke/RawPhotos/2017/2017-09-09/IMG_3861.JPG; /Volumes/Ladyhawke/RawPhotos/2017/2017-09-Scotland/2017-09-09/IMG_3861.JPG
/Volumes/Ladyhawke/RawPhotos/2018/2018-02-12/_JD05032.NEF,/Volumes/Ladyhawke/JpgFromTiff/2018/2018-02-12/_JD05032.JPG; /Volumes/Ladyhawke/RawPhotos/2018/2018-02-12/_JD05032.xmp
/Volumes/Ladyhawke/RawPhotos/P7168763.ORF,/Volumes/Ladyhawke/JpgFromTiff/2016/2016-07-16/P7168763.JPG; /Volumes/Ladyhawke/JpgFromTiff/2016/2016-SEAsia/2016-07-16/P7168763.JPG; /Volumes/Ladyhawke/RawPhotos/2016/2016-07-16/P7168763.jpg; /Volumes/Ladyhawke/RawPhotos/2016/2016-07-16/P7168763.xmp; /Volumes/Ladyhawke/Seans Asia Photos/China/JPEG/P7168763.JPG
/Volumes/Ladyhawke/RawPhotos/2016/2016-06-20/P6206229.ORF,/Volumes/Ladyhawke/JpgFromTiff/2016/2016-SEAsia/2016-06-20/P6206229.JPG; /Volumes/Ladyhawke/RawPhotos/2016/2016-SEAsia/2016-06-20/P6206229.JPG; /Volumes/Ladyhawke/Seans Asia Photos/China/JPEG/P6206229.JPG
/Volumes/Ladyhawke/RawPhotos/2018/2018-02-12/_JD04966.NEF,/Volumes/Ladyhawke/JpgFromTiff/2018/2018-02-12/_JD04966.JPG; /Volumes/Ladyhawke/RawPhotos/2018/2018-02-12/_JD04966.xmp
/Volumes/Ladyhawke/RawPhotos/2008/2008-10-01/IMG_0045.jpg,/Volumes/Ladyhawke/JpgFromTiff/2008/2008-10-01/IMG_0045.JPG; /Volumes/Ladyhawke/RawPhotos/RawScans/Abraham Scans/BlacksEtc/IMG_0045.jpg
/Volumes/Ladyhawke/RawPhotos/IMG_3964.JPG,/Volumes/Ladyhawke/JpgFromTiff/2017/2017-09-17/IMG_3964.JPG; /Volumes/Ladyhawke/JpgFromTiff/2017/2017-09-Scotland/2017-09-17/IMG_3964.JPG; /Volumes/Ladyhawke/RawPhotos/2017/2017-09-17/IMG_3964.JPG; /Volumes/Ladyhawke/RawPhotos/2017/2017-09-Scotland/2017-09-17/IMG_3964.JPG
/Volumes/Ladyhawke/RawPhotos/2008/2008-10-01/IMG_0121.jpg,/Volumes/Ladyhawke/JpgFromTiff/2008/2008-10-01/IMG_0121.JPG; /Volumes/Ladyhawke/RawPhotos/RawScans/Abraham Scans/BlacksEtc/IMG_0121.jpg
/Volumes/Ladyhawke/RawPhotos/2018/2018-02-15/_JD05248.NEF,/Volumes/Ladyhawke/JpgFromTiff/2018/2018-02-15/_JD05248.JPG; /Volumes/Ladyhawke/RawPhotos/2018/2018-02-15/_JD05248.xmp
/Volumes/Ladyhawke/RawPhotos/P6222574.ORF,/Volumes/Ladyhawke/JpgFromTiff/2017/2017-06-22/P6222574.JPG; /Volumes/Ladyhawke/RawPhotos/2017/2017-06-22/P6222574.jpg; /Volumes/Ladyhawke/RawPhotos/2017/2017-06-22/P6222574.xmp
/Volumes/Ladyhawke/RawPhotos/2008/2008-11-26/20081126A 5.jpg,/Volumes/Ladyhawke/JpgFromTiff/2008/2008-11-26/20081126A 5.JPG; /Volumes/Ladyhawke/JpgFromTiff/RawScans/Abraham Scans/Bert/20081126A 5.JPG; /Volumes/Ladyhawke/JpgFromTiff/RawScans/Abraham Scans/Bert/June2009DVDfromBert/B&W Pictures/20081126A 5.JPG; /Volumes/Ladyhawke/RawPhotos/RawScans/Abraham Scans/Bert/20081126A 5.jpg; /Volumes/Ladyhawke/RawPhotos/RawScans/Abraham Scans/Bert/June2009DVDfromBert/B&W Pictures/20081126A 5.jpg
/Volumes/Ladyhawke/RawPhotos/2016/2016-06-21/P6216418.ORF,/Volumes/Ladyhawke/JpgFromTiff/2016/2016-SEAsia/2016-06-21/P6216418.JPG; /Volumes/Ladyhawke/RawPhotos/2016/2016-SEAsia/2016-06-21/P6216418.JPG; /Volumes/Ladyhawke/Seans Asia Photos/China/JPEG/P6216418.JPG
/Volumes/Ladyhawke/RawPhotos/downloaded-smart-previews/NEG3 057a.jpg,/Volumes/Ladyhawke/JpgFromTiff/downloaded-smart-previews/NEG3 057a.JPG; /Volumes/Ladyhawke/JpgFromTiff/RawScans/FromBarb/1954 25 Anniversary Dinner/pstvs/NEG3 057a.JPG; /Volumes/Ladyhawke/RawPhotos/RawScans/FromBarb/1954 25 Anniversary Dinner/pstvs/NEG3 057a.jpg
/Volumes/Ladyhawke/RawPhotos/2018/2018-02-12/_JD05045.NEF,/Volumes/Ladyhawke/JpgFromTiff/2018/2018-02-12/_JD05045.JPG; /Volumes/Ladyhawke/RawPhotos/2018/2018-02-12/_JD05045.xmp
/Volumes/Ladyhawke/RawPhotos/2017/2017-07-16/_JD04354.NEF,/Volumes/Ladyhawke/JpgFromTiff/2017/2017-07-16/_JD04354.JPG; /Volumes/Ladyhawke/RawPhotos/2017/2017-07-16/_JD04354.xmp
/Volumes/Ladyhawke/RawPhotos/_8031125.JPG,/Volumes/Ladyhawke/JpgFromTiff/2020/2020-08-03/_8031125.JPG; /Volumes/Ladyhawke/RawPhotos/2020/2020-08-03/_8031125.jpg
/Volumes/Ladyhawke/RawPhotos/IMG_1106.JPG,/Volumes/Ladyhawke/JpgFromTiff/2017/2017-08-19/IMG_1106.JPG; /Volumes/Ladyhawke/RawPhotos/2017/2017-08-19/IMG_1106.JPG
/Volumes/Ladyhawke/RawPhotos/IMG_2699.JPG,/Volumes/Ladyhawke/JpgFromTiff/2017/2017-03-26/IMG_2699.JPG; /Volumes/Ladyhawke/RawPhotos/2017/2017-03-26/IMG_2699.JPG
/Volumes/Ladyhawke/RawPhotos/IMG_4153.JPG,/Volumes/Ladyhawke/JpgFromTiff/2017/2017-09-25/IMG_4153.JPG; /Volumes/Ladyhawke/JpgFromTiff/2017/2017-09-Scotland/2017-09-25/IMG_4153.JPG; /Volumes/Ladyhawke/RawPhotos/2017/2017-09-25/IMG_4153.JPG; /Volumes/Ladyhawke/RawPhotos/2017/2017-09-Scotland/2017-09-25/IMG_4153.JPG
/Volumes/Ladyhawke/RawPhotos/2014/2014-06-06/_JD08839.NEF,/Volumes/Ladyhawke/JpgFromTiff/2014/2014-06-06/_JD08839.JPG; /Volumes/Ladyhawke/RawPhotos/2014/2014-06-06/_JD08839.JPG; /Volumes/Ladyhawke/RawPhotos/2014/2014-06-06/_JD08839.xmp
/Volumes/Ladyhawke/RawPhotos/2016/2016-06-22/P6226580.ORF,/Volumes/Ladyhawke/JpgFromTiff/2016/2016-SEAsia/2016-06-22/P6226580.JPG; /Volumes/Ladyhawke/RawPhotos/2016/2016-SEAsia/2016-06-22/P6226580.JPG; /Volumes/Ladyhawke/Seans Asia Photos/China/JPEG/P6226580.JPG
/Volumes/Ladyhawke/RawPhotos/P7158672.JPG,/Volumes/Ladyhawke/JpgFromTiff/2016/2016-07-15/P7158672.JPG; /Volumes/Ladyhawke/JpgFromTiff/2016/2016-SEAsia/2016-07-15/P7158672.JPG; /Volumes/Ladyhawke/RawPhotos/2016/2016-07-15/P7158672.jpg; /Volumes/Ladyhawke/RawPhotos/2016/2016-07-15/P7158672.xmp; /Volumes/Ladyhawke/Seans Asia Photos/China/JPEG/P7158672.JPG
/Volumes/Ladyhawke/RawPhotos/2014/2014-06-06/_JD08825.NEF,/Volumes/Ladyhawke/JpgFromTiff/2014/2014-06-06/_JD08825.JPG; /Volumes/Ladyhawke/RawPhotos/2014/2014-06-06/_JD08825.JPG; /Volumes/Ladyhawke/RawPhotos/2014/2014-06-06/_JD08825.xmp
/Volumes/Ladyhawke/RawPhotos/downloaded-smart-previews/20081222 002.jpg,/Volumes/Ladyhawke/JpgFromTiff/RawScans/Abraham Scans/Bert/June2009DVDfromBert/B&W Pictures/20081222 002.JPG; /Volumes/Ladyhawke/RawPhotos/RawScans/Abraham Scans/Bert/June2009DVDfromBert/B&W Pictures/20081222 002.jpg
/Volumes/Ladyhawke/RawPhotos/2016/2016-06-19/P6196132.ORF,/Volumes/Ladyhawke/JpgFromTiff/2016/2016-SEAsia/2016-06-19/P6196132.JPG; /Volumes/Ladyhawke/RawPhotos/2016/2016-SEAsia/2016-06-19/P6196132.JPG; /Volumes/Ladyhawke/Seans Asia Photos/China/JPEG/P6196132.JPG
/Volumes/Ladyhawke/RawPhotos/2018/2018-02-11/_JD04936.NEF,/Volumes/Ladyhawke/JpgFromTiff/2018/2018-02-11/_JD04936.JPG; /Volumes/Ladyhawke/RawPhotos/2018/2018-02-11/_JD04936.xmp
/Volumes/Ladyhawke/RawPhotos/2015/2015-09-11/P9119605.ORF,/Volumes/Ladyhawke/JpgFromTiff/2015/2015-09-Scotland/2015-09-11/P9119605.JPG; /Volumes/Ladyhawke/RawPhotos/2015/2015-09-Scotland/2015-09-11/P9119605.JPG
/Volumes/Ladyhawke/RawPhotos/2008/2008-10-01/IMG_0103.jpg,/Volumes/Ladyhawke/JpgFromTiff/2008/2008-10-01/IMG_0103.JPG; /Volumes/Ladyhawke/RawPhotos/RawScans/Abraham Scans/BlacksEtc/IMG_0103.jpg
/Volumes/Ladyhawke/RawPhotos/2017/2017-03-14/_JD04297.NEF,/Volumes/Ladyhawke/JpgFromTiff/2017/2017-03-14/_JD04297.JPG; /Volumes/Ladyhawke/RawPhotos/2017/2017-03-14/_JD04297.xmp
/Volumes/Ladyhawke/RawPhotos/2015/2015-09-11/P9119632.ORF,/Volumes/Ladyhawke/JpgFromTiff/2015/2015-09-Scotland/2015-09-11/P9119632.JPG; /Volumes/Ladyhawke/RawPhotos/2015/2015-09-Scotland/2015-09-11/P9119632.JPG
/Volumes/Ladyhawke/RawPhotos/_9021775.ORF,/Volumes/Ladyhawke/JpgFromTiff/2019/2019-09-02/_9021775.JPG; /Volumes/Ladyhawke/RawPhotos/2019/2019-09-02/_9021775.xmp
/Volumes/Ladyhawke/RawPhotos/IMG_2104.JPG,/Volumes/Ladyhawke/JpgFromTiff/2017/2017-09-07/IMG_2104.JPG; /Volumes/Ladyhawke/JpgFromTiff/2017/2017-09-Scotland/2017-09-07/IMG_2104.JPG; /Volumes/Ladyhawke/RawPhotos/2017/2017-09-07/IMG_2104.JPG; /Volumes/Ladyhawke/RawPhotos/2017/2017-09-Scotland/2017-09-07/IMG_2104.JPG
/Volumes/Ladyhawke/RawPhotos/2008/2008-10-01/IMG_0112.jpg,/Volumes/Ladyhawke/JpgFromTiff/2008/2008-10-01/IMG_0112.JPG; /Volumes/Ladyhawke/RawPhotos/RawScans/Abraham Scans/BlacksEtc/IMG_0112.jpg
/Volumes/Ladyhawke/RawPhotos/2018/2018-02-08/_JD04805.NEF,/Volumes/Ladyhawke/JpgFromTiff/2018/2018-02-08/_JD04805.JPG; /Volumes/Ladyhawke/RawPhotos/2018/2018-02-08/_JD04805.xmp
/Volumes/Ladyhawke/RawPhotos/2018/2018-01-15/_JD04505.NEF,/Volumes/Ladyhawke/JpgFromTiff/2018/2018-01-15/_JD04505.JPG; /Volumes/Ladyhawke/RawPhotos/2018/2018-01-15/_JD04505.xmp
/Volumes/Ladyhawke/RawPhotos/IMG_8293.JPG,/Volumes/Ladyhawke/JpgFromTiff/2016/2016-06-18/IMG_8293.JPG; /Volumes/Ladyhawke/JpgFromTiff/2016/2016-SEAsia/2016-06-18/IMG_8293.JPG; /Volumes/Ladyhawke/RawPhotos/2016/2016-06-18/IMG_8293.JPG; /Volumes/Ladyhawke/RawPhotos/2016/2016-SEAsia/2016-06-18/IMG_8293.JPG
/Volumes/Ladyhawke/RawPhotos/_1150579.RW2,/Volumes/Ladyhawke/RawPhotoImports/2024/2024-06-26/_1150579.RW2; /Volumes/Ladyhawke/RawPhotos/2024/2024-06-26/_1150579.RW2
/Volumes/Ladyhawke/RawPhotos/IMG_4256.JPG,/Volumes/Ladyhawke/JpgFromTiff/2017/2017-09-30/IMG_4256.JPG; /Volumes/Ladyhawke/JpgFromTiff/2017/2017-09-Scotland/2017-09-30/IMG_4256.JPG; /Volumes/Ladyhawke/RawPhotos/2017/2017-09-30/IMG_4256.JPG; /Volumes/Ladyhawke/RawPhotos/2017/2017-09-Scotland/2017-09-30/IMG_4256.JPG
/Volumes/Ladyhawke/RawPhotos/IMG_2207.JPG,/Volumes/Ladyhawke/JpgFromTiff/2017/2017-09-08/IMG_2207.JPG; /Volumes/Ladyhawke/JpgFromTiff/2017/2017-09-Scotland/2017-09-08/IMG_2207.JPG; /Volumes/Ladyhawke/RawPhotos/2017/2017-09-08/IMG_2207.JPG; /Volumes/Ladyhawke/RawPhotos/2017/2017-09-Scotland/2017-09-08/IMG_2207.JPG
/Volumes/Ladyhawke/RawPhotos/2014/2014-06-07/_JD08956.NEF,/Volumes/Ladyhawke/JpgFromTiff/2014/2014-06-07/_JD08956.JPG; /Volumes/Ladyhawke/RawPhotos/2014/2014-06-07/_JD08956.JPG; /Volumes/Ladyhawke/RawPhotos/2014/2014-06-07/_JD08956.xmp
/Volumes/Ladyhawke/RawPhotos/_1120771.RW2,/Volumes/Ladyhawke/RawPhotoImports/2024/2024-05-25/_1120771.RW2; /Volumes/Ladyhawke/RawPhotos/2024/2024-05-25/_1120771.RW2; /Volumes/Ladyhawke/RawPhotos/2024/2024-05-25/_1120771.xmp
/Volumes/Ladyhawke/RawPhotos/P8129869.JPG,/Volumes/Ladyhawke/JpgFromTiff/2016/2016-08-12/P8129869.JPG; /Volumes/Ladyhawke/JpgFromTiff/2016/2016-SEAsia/2016-08-12/P8129869.JPG; /Volumes/Ladyhawke/RawPhotos/2016/2016-08-12/P8129869.jpg; /Volumes/Ladyhawke/RawPhotos/2016/2016-08-12/P8129869.xmp
/Volumes/Ladyhawke/RawPhotos/_1150521.RW2,/Volumes/Ladyhawke/RawPhotoImports/2024/2024-06-26/_1150521.RW2; /Volumes/Ladyhawke/RawPhotos/2024/2024-06-26/_1150521.RW2
